,Algorithm,Run,Step,vehicle,x,y
0,Genetic Algorithm,0,1,0,24,21
1,Genetic Algorithm,0,1,1,28,24
2,Genetic Algorithm,0,1,2,27,19
3,Genetic Algorithm,0,1,3,24,24
4,Genetic Algorithm,0,2,0,24,21
5,Genetic Algorithm,0,2,1,28,24
6,Genetic Algorithm,0,2,2,27,19
7,Genetic Algorithm,0,2,3,24,24
8,Genetic Algorithm,0,3,0,24,21
9,Genetic Algorithm,0,3,1,28,24
10,Genetic Algorithm,0,3,2,27,19
11,Genetic Algorithm,0,3,3,24,24
12,Genetic Algorithm,0,4,0,24,21
13,Genetic Algorithm,0,4,1,28,24
14,Genetic Algorithm,0,4,2,27,19
15,Genetic Algorithm,0,4,3,24,24
16,Genetic Algorithm,0,5,0,24,21
17,Genetic Algorithm,0,5,1,28,24
18,Genetic Algorithm,0,5,2,27,19
19,Genetic Algorithm,0,5,3,24,24
20,Genetic Algorithm,0,6,0,24,21
21,Genetic Algorithm,0,6,1,28,24
22,Genetic Algorithm,0,6,2,27,19
23,Genetic Algorithm,0,6,3,24,24
24,Genetic Algorithm,0,7,0,24,21
25,Genetic Algorithm,0,7,1,28,24
26,Genetic Algorithm,0,7,2,27,19
27,Genetic Algorithm,0,7,3,24,24
28,Genetic Algorithm,0,8,0,24,21
29,Genetic Algorithm,0,8,1,28,24
30,Genetic Algorithm,0,8,2,27,19
31,Genetic Algorithm,0,8,3,24,24
32,Genetic Algorithm,0,9,0,24,21
33,Genetic Algorithm,0,9,1,28,24
34,Genetic Algorithm,0,9,2,27,19
35,Genetic Algorithm,0,9,3,24,24
36,Genetic Algorithm,0,10,0,24,21
37,Genetic Algorithm,0,10,1,28,24
38,Genetic Algorithm,0,10,2,27,19
39,Genetic Algorithm,0,10,3,24,24
40,Genetic Algorithm,0,11,0,24,21
41,Genetic Algorithm,0,11,1,28,24
42,Genetic Algorithm,0,11,2,27,19
43,Genetic Algorithm,0,11,3,24,24
44,Genetic Algorithm,0,12,0,24,21
45,Genetic Algorithm,0,12,1,28,24
46,Genetic Algorithm,0,12,2,27,19
47,Genetic Algorithm,0,12,3,24,24
48,Genetic Algorithm,0,13,0,24,21
49,Genetic Algorithm,0,13,1,28,24
50,Genetic Algorithm,0,13,2,27,19
51,Genetic Algorithm,0,13,3,24,24
52,Genetic Algorithm,0,14,0,24,21
53,Genetic Algorithm,0,14,1,28,24
54,Genetic Algorithm,0,14,2,27,19
55,Genetic Algorithm,0,14,3,24,24
56,Genetic Algorithm,0,15,0,24,21
57,Genetic Algorithm,0,15,1,28,24
58,Genetic Algorithm,0,15,2,27,19
59,Genetic Algorithm,0,15,3,24,24
60,Genetic Algorithm,0,16,0,24,21
61,Genetic Algorithm,0,16,1,28,24
62,Genetic Algorithm,0,16,2,27,19
63,Genetic Algorithm,0,16,3,24,24
64,Genetic Algorithm,0,17,0,24,21
65,Genetic Algorithm,0,17,1,28,24
66,Genetic Algorithm,0,17,2,27,19
67,Genetic Algorithm,0,17,3,24,24
68,Genetic Algorithm,0,18,0,24,21
69,Genetic Algorithm,0,18,1,28,24
70,Genetic Algorithm,0,18,2,27,19
71,Genetic Algorithm,0,18,3,24,24
72,Genetic Algorithm,0,19,0,24,21
73,Genetic Algorithm,0,19,1,28,24
74,Genetic Algorithm,0,19,2,27,19
75,Genetic Algorithm,0,19,3,24,24
76,Genetic Algorithm,0,20,0,24,21
77,Genetic Algorithm,0,20,1,28,24
78,Genetic Algorithm,0,20,2,27,19
79,Genetic Algorithm,0,20,3,24,24
80,Genetic Algorithm,0,21,0,24,21
81,Genetic Algorithm,0,21,1,28,24
82,Genetic Algorithm,0,21,2,27,19
83,Genetic Algorithm,0,21,3,24,24
84,Genetic Algorithm,0,22,0,24,21
85,Genetic Algorithm,0,22,1,28,24
86,Genetic Algorithm,0,22,2,27,19
87,Genetic Algorithm,0,22,3,24,24
88,Genetic Algorithm,0,23,0,24,21
89,Genetic Algorithm,0,23,1,28,24
90,Genetic Algorithm,0,23,2,27,19
91,Genetic Algorithm,0,23,3,24,24
92,Genetic Algorithm,0,24,0,24,21
93,Genetic Algorithm,0,24,1,28,24
94,Genetic Algorithm,0,24,2,27,19
95,Genetic Algorithm,0,24,3,24,24
96,Genetic Algorithm,0,25,0,24,21
97,Genetic Algorithm,0,25,1,28,24
98,Genetic Algorithm,0,25,2,27,19
99,Genetic Algorithm,0,25,3,24,24
100,Genetic Algorithm,0,26,0,24,21
101,Genetic Algorithm,0,26,1,28,24
102,Genetic Algorithm,0,26,2,27,19
103,Genetic Algorithm,0,26,3,24,24
104,Genetic Algorithm,0,27,0,24,21
105,Genetic Algorithm,0,27,1,28,24
106,Genetic Algorithm,0,27,2,27,19
107,Genetic Algorithm,0,27,3,24,24
108,Genetic Algorithm,0,28,0,24,21
109,Genetic Algorithm,0,28,1,28,24
110,Genetic Algorithm,0,28,2,27,19
111,Genetic Algorithm,0,28,3,24,24
112,Genetic Algorithm,0,29,0,24,21
113,Genetic Algorithm,0,29,1,28,24
114,Genetic Algorithm,0,29,2,27,19
115,Genetic Algorithm,0,29,3,24,24
116,Genetic Algorithm,0,30,0,24,21
117,Genetic Algorithm,0,30,1,28,24
118,Genetic Algorithm,0,30,2,27,19
119,Genetic Algorithm,0,30,3,24,24
120,Genetic Algorithm,0,31,0,24,21
121,Genetic Algorithm,0,31,1,28,24
122,Genetic Algorithm,0,31,2,27,19
123,Genetic Algorithm,0,31,3,24,24
124,Genetic Algorithm,0,32,0,24,21
125,Genetic Algorithm,0,32,1,28,24
126,Genetic Algorithm,0,32,2,27,19
127,Genetic Algorithm,0,32,3,24,24
128,Genetic Algorithm,0,33,0,24,21
129,Genetic Algorithm,0,33,1,28,24
130,Genetic Algorithm,0,33,2,27,19
131,Genetic Algorithm,0,33,3,24,24
132,Genetic Algorithm,0,34,0,24,21
133,Genetic Algorithm,0,34,1,28,24
134,Genetic Algorithm,0,34,2,27,19
135,Genetic Algorithm,0,34,3,24,24
136,Genetic Algorithm,0,35,0,24,21
137,Genetic Algorithm,0,35,1,28,24
138,Genetic Algorithm,0,35,2,27,19
139,Genetic Algorithm,0,35,3,24,24
140,Genetic Algorithm,0,36,0,24,21
141,Genetic Algorithm,0,36,1,28,24
142,Genetic Algorithm,0,36,2,27,19
143,Genetic Algorithm,0,36,3,24,24
144,Genetic Algorithm,1,1,0,24,21
145,Genetic Algorithm,1,1,1,28,24
146,Genetic Algorithm,1,1,2,27,19
147,Genetic Algorithm,1,1,3,24,24
148,Genetic Algorithm,1,2,0,24,21
149,Genetic Algorithm,1,2,1,28,24
150,Genetic Algorithm,1,2,2,27,19
151,Genetic Algorithm,1,2,3,24,24
152,Genetic Algorithm,1,3,0,24,21
153,Genetic Algorithm,1,3,1,28,24
154,Genetic Algorithm,1,3,2,27,19
155,Genetic Algorithm,1,3,3,24,24
156,Genetic Algorithm,1,4,0,24,21
157,Genetic Algorithm,1,4,1,28,24
158,Genetic Algorithm,1,4,2,27,19
159,Genetic Algorithm,1,4,3,24,24
160,Genetic Algorithm,1,5,0,24,21
161,Genetic Algorithm,1,5,1,28,24
162,Genetic Algorithm,1,5,2,27,19
163,Genetic Algorithm,1,5,3,24,24
164,Genetic Algorithm,1,6,0,24,21
165,Genetic Algorithm,1,6,1,28,24
166,Genetic Algorithm,1,6,2,27,19
167,Genetic Algorithm,1,6,3,24,24
168,Genetic Algorithm,1,7,0,24,21
169,Genetic Algorithm,1,7,1,28,24
170,Genetic Algorithm,1,7,2,27,19
171,Genetic Algorithm,1,7,3,24,24
172,Genetic Algorithm,1,8,0,24,21
173,Genetic Algorithm,1,8,1,28,24
174,Genetic Algorithm,1,8,2,27,19
175,Genetic Algorithm,1,8,3,24,24
176,Genetic Algorithm,1,9,0,24,21
177,Genetic Algorithm,1,9,1,28,24
178,Genetic Algorithm,1,9,2,27,19
179,Genetic Algorithm,1,9,3,24,24
180,Genetic Algorithm,1,10,0,24,21
181,Genetic Algorithm,1,10,1,28,24
182,Genetic Algorithm,1,10,2,27,19
183,Genetic Algorithm,1,10,3,24,24
184,Genetic Algorithm,1,11,0,24,21
185,Genetic Algorithm,1,11,1,28,24
186,Genetic Algorithm,1,11,2,27,19
187,Genetic Algorithm,1,11,3,24,24
188,Genetic Algorithm,1,12,0,24,21
189,Genetic Algorithm,1,12,1,28,24
190,Genetic Algorithm,1,12,2,27,19
191,Genetic Algorithm,1,12,3,24,24
192,Genetic Algorithm,1,13,0,24,21
193,Genetic Algorithm,1,13,1,28,24
194,Genetic Algorithm,1,13,2,27,19
195,Genetic Algorithm,1,13,3,24,24
196,Genetic Algorithm,1,14,0,24,21
197,Genetic Algorithm,1,14,1,28,24
198,Genetic Algorithm,1,14,2,27,19
199,Genetic Algorithm,1,14,3,24,24
200,Genetic Algorithm,1,15,0,24,21
201,Genetic Algorithm,1,15,1,28,24
202,Genetic Algorithm,1,15,2,27,19
203,Genetic Algorithm,1,15,3,24,24
204,Genetic Algorithm,1,16,0,24,21
205,Genetic Algorithm,1,16,1,28,24
206,Genetic Algorithm,1,16,2,27,19
207,Genetic Algorithm,1,16,3,24,24
208,Genetic Algorithm,1,17,0,24,21
209,Genetic Algorithm,1,17,1,28,24
210,Genetic Algorithm,1,17,2,27,19
211,Genetic Algorithm,1,17,3,24,24
212,Genetic Algorithm,1,18,0,24,21
213,Genetic Algorithm,1,18,1,28,24
214,Genetic Algorithm,1,18,2,27,19
215,Genetic Algorithm,1,18,3,24,24
216,Genetic Algorithm,1,19,0,24,21
217,Genetic Algorithm,1,19,1,28,24
218,Genetic Algorithm,1,19,2,27,19
219,Genetic Algorithm,1,19,3,24,24
220,Genetic Algorithm,1,20,0,24,21
221,Genetic Algorithm,1,20,1,28,24
222,Genetic Algorithm,1,20,2,27,19
223,Genetic Algorithm,1,20,3,24,24
224,Genetic Algorithm,1,21,0,24,21
225,Genetic Algorithm,1,21,1,28,24
226,Genetic Algorithm,1,21,2,27,19
227,Genetic Algorithm,1,21,3,24,24
228,Genetic Algorithm,1,22,0,24,21
229,Genetic Algorithm,1,22,1,28,24
230,Genetic Algorithm,1,22,2,27,19
231,Genetic Algorithm,1,22,3,24,24
232,Genetic Algorithm,1,23,0,24,21
233,Genetic Algorithm,1,23,1,28,24
234,Genetic Algorithm,1,23,2,27,19
235,Genetic Algorithm,1,23,3,24,24
236,Genetic Algorithm,1,24,0,24,21
237,Genetic Algorithm,1,24,1,28,24
238,Genetic Algorithm,1,24,2,27,19
239,Genetic Algorithm,1,24,3,24,24
240,Genetic Algorithm,1,25,0,24,21
241,Genetic Algorithm,1,25,1,28,24
242,Genetic Algorithm,1,25,2,27,19
243,Genetic Algorithm,1,25,3,24,24
244,Genetic Algorithm,1,26,0,24,21
245,Genetic Algorithm,1,26,1,28,24
246,Genetic Algorithm,1,26,2,27,19
247,Genetic Algorithm,1,26,3,24,24
248,Genetic Algorithm,1,27,0,24,21
249,Genetic Algorithm,1,27,1,28,24
250,Genetic Algorithm,1,27,2,27,19
251,Genetic Algorithm,1,27,3,24,24
252,Genetic Algorithm,1,28,0,24,21
253,Genetic Algorithm,1,28,1,28,24
254,Genetic Algorithm,1,28,2,27,19
255,Genetic Algorithm,1,28,3,24,24
256,Genetic Algorithm,1,29,0,24,21
257,Genetic Algorithm,1,29,1,28,24
258,Genetic Algorithm,1,29,2,27,19
259,Genetic Algorithm,1,29,3,24,24
260,Genetic Algorithm,1,30,0,24,21
261,Genetic Algorithm,1,30,1,28,24
262,Genetic Algorithm,1,30,2,27,19
263,Genetic Algorithm,1,30,3,24,24
264,Genetic Algorithm,1,31,0,24,21
265,Genetic Algorithm,1,31,1,28,24
266,Genetic Algorithm,1,31,2,27,19
267,Genetic Algorithm,1,31,3,24,24
268,Genetic Algorithm,1,32,0,24,21
269,Genetic Algorithm,1,32,1,28,24
270,Genetic Algorithm,1,32,2,27,19
271,Genetic Algorithm,1,32,3,24,24
272,Genetic Algorithm,1,33,0,24,21
273,Genetic Algorithm,1,33,1,28,24
274,Genetic Algorithm,1,33,2,27,19
275,Genetic Algorithm,1,33,3,24,24
276,Genetic Algorithm,1,34,0,24,21
277,Genetic Algorithm,1,34,1,28,24
278,Genetic Algorithm,1,34,2,27,19
279,Genetic Algorithm,1,34,3,24,24
280,Genetic Algorithm,1,35,0,24,21
281,Genetic Algorithm,1,35,1,28,24
282,Genetic Algorithm,1,35,2,27,19
283,Genetic Algorithm,1,35,3,24,24
284,Genetic Algorithm,1,36,0,24,21
285,Genetic Algorithm,1,36,1,28,24
286,Genetic Algorithm,1,36,2,27,19
287,Genetic Algorithm,1,36,3,24,24
288,Genetic Algorithm,2,1,0,24,21
289,Genetic Algorithm,2,1,1,28,24
290,Genetic Algorithm,2,1,2,27,19
291,Genetic Algorithm,2,1,3,24,24
292,Genetic Algorithm,2,2,0,24,21
293,Genetic Algorithm,2,2,1,28,24
294,Genetic Algorithm,2,2,2,27,19
295,Genetic Algorithm,2,2,3,24,24
296,Genetic Algorithm,2,3,0,24,21
297,Genetic Algorithm,2,3,1,28,24
298,Genetic Algorithm,2,3,2,27,19
299,Genetic Algorithm,2,3,3,24,24
300,Genetic Algorithm,2,4,0,24,21
301,Genetic Algorithm,2,4,1,28,24
302,Genetic Algorithm,2,4,2,27,19
303,Genetic Algorithm,2,4,3,24,24
304,Genetic Algorithm,2,5,0,24,21
305,Genetic Algorithm,2,5,1,28,24
306,Genetic Algorithm,2,5,2,27,19
307,Genetic Algorithm,2,5,3,24,24
308,Genetic Algorithm,2,6,0,24,21
309,Genetic Algorithm,2,6,1,28,24
310,Genetic Algorithm,2,6,2,27,19
311,Genetic Algorithm,2,6,3,24,24
312,Genetic Algorithm,2,7,0,24,21
313,Genetic Algorithm,2,7,1,28,24
314,Genetic Algorithm,2,7,2,27,19
315,Genetic Algorithm,2,7,3,24,24
316,Genetic Algorithm,2,8,0,24,21
317,Genetic Algorithm,2,8,1,28,24
318,Genetic Algorithm,2,8,2,27,19
319,Genetic Algorithm,2,8,3,24,24
320,Genetic Algorithm,2,9,0,24,21
321,Genetic Algorithm,2,9,1,28,24
322,Genetic Algorithm,2,9,2,27,19
323,Genetic Algorithm,2,9,3,24,24
324,Genetic Algorithm,2,10,0,24,21
325,Genetic Algorithm,2,10,1,28,24
326,Genetic Algorithm,2,10,2,27,19
327,Genetic Algorithm,2,10,3,24,24
328,Genetic Algorithm,2,11,0,24,21
329,Genetic Algorithm,2,11,1,28,24
330,Genetic Algorithm,2,11,2,27,19
331,Genetic Algorithm,2,11,3,24,24
332,Genetic Algorithm,2,12,0,24,21
333,Genetic Algorithm,2,12,1,28,24
334,Genetic Algorithm,2,12,2,27,19
335,Genetic Algorithm,2,12,3,24,24
336,Genetic Algorithm,2,13,0,24,21
337,Genetic Algorithm,2,13,1,28,24
338,Genetic Algorithm,2,13,2,27,19
339,Genetic Algorithm,2,13,3,24,24
340,Genetic Algorithm,2,14,0,24,21
341,Genetic Algorithm,2,14,1,28,24
342,Genetic Algorithm,2,14,2,27,19
343,Genetic Algorithm,2,14,3,24,24
344,Genetic Algorithm,2,15,0,24,21
345,Genetic Algorithm,2,15,1,28,24
346,Genetic Algorithm,2,15,2,27,19
347,Genetic Algorithm,2,15,3,24,24
348,Genetic Algorithm,2,16,0,24,21
349,Genetic Algorithm,2,16,1,28,24
350,Genetic Algorithm,2,16,2,27,19
351,Genetic Algorithm,2,16,3,24,24
352,Genetic Algorithm,2,17,0,24,21
353,Genetic Algorithm,2,17,1,28,24
354,Genetic Algorithm,2,17,2,27,19
355,Genetic Algorithm,2,17,3,24,24
356,Genetic Algorithm,2,18,0,24,21
357,Genetic Algorithm,2,18,1,28,24
358,Genetic Algorithm,2,18,2,27,19
359,Genetic Algorithm,2,18,3,24,24
360,Genetic Algorithm,2,19,0,24,21
361,Genetic Algorithm,2,19,1,28,24
362,Genetic Algorithm,2,19,2,27,19
363,Genetic Algorithm,2,19,3,24,24
364,Genetic Algorithm,2,20,0,24,21
365,Genetic Algorithm,2,20,1,28,24
366,Genetic Algorithm,2,20,2,27,19
367,Genetic Algorithm,2,20,3,24,24
368,Genetic Algorithm,2,21,0,24,21
369,Genetic Algorithm,2,21,1,28,24
370,Genetic Algorithm,2,21,2,27,19
371,Genetic Algorithm,2,21,3,24,24
372,Genetic Algorithm,2,22,0,24,21
373,Genetic Algorithm,2,22,1,28,24
374,Genetic Algorithm,2,22,2,27,19
375,Genetic Algorithm,2,22,3,24,24
376,Genetic Algorithm,2,23,0,24,21
377,Genetic Algorithm,2,23,1,28,24
378,Genetic Algorithm,2,23,2,27,19
379,Genetic Algorithm,2,23,3,24,24
380,Genetic Algorithm,2,24,0,24,21
381,Genetic Algorithm,2,24,1,28,24
382,Genetic Algorithm,2,24,2,27,19
383,Genetic Algorithm,2,24,3,24,24
384,Genetic Algorithm,2,25,0,24,21
385,Genetic Algorithm,2,25,1,28,24
386,Genetic Algorithm,2,25,2,27,19
387,Genetic Algorithm,2,25,3,24,24
388,Genetic Algorithm,2,26,0,24,21
389,Genetic Algorithm,2,26,1,28,24
390,Genetic Algorithm,2,26,2,27,19
391,Genetic Algorithm,2,26,3,24,24
392,Genetic Algorithm,2,27,0,24,21
393,Genetic Algorithm,2,27,1,28,24
394,Genetic Algorithm,2,27,2,27,19
395,Genetic Algorithm,2,27,3,24,24
396,Genetic Algorithm,2,28,0,24,21
397,Genetic Algorithm,2,28,1,28,24
398,Genetic Algorithm,2,28,2,27,19
399,Genetic Algorithm,2,28,3,24,24
400,Genetic Algorithm,2,29,0,24,21
401,Genetic Algorithm,2,29,1,28,24
402,Genetic Algorithm,2,29,2,27,19
403,Genetic Algorithm,2,29,3,24,24
404,Genetic Algorithm,2,30,0,24,21
405,Genetic Algorithm,2,30,1,28,24
406,Genetic Algorithm,2,30,2,27,19
407,Genetic Algorithm,2,30,3,24,24
408,Genetic Algorithm,2,31,0,24,21
409,Genetic Algorithm,2,31,1,28,24
410,Genetic Algorithm,2,31,2,27,19
411,Genetic Algorithm,2,31,3,24,24
412,Genetic Algorithm,2,32,0,24,21
413,Genetic Algorithm,2,32,1,28,24
414,Genetic Algorithm,2,32,2,27,19
415,Genetic Algorithm,2,32,3,24,24
416,Genetic Algorithm,2,33,0,24,21
417,Genetic Algorithm,2,33,1,28,24
418,Genetic Algorithm,2,33,2,27,19
419,Genetic Algorithm,2,33,3,24,24
420,Genetic Algorithm,2,34,0,24,21
421,Genetic Algorithm,2,34,1,28,24
422,Genetic Algorithm,2,34,2,27,19
423,Genetic Algorithm,2,34,3,24,24
424,Genetic Algorithm,2,35,0,24,21
425,Genetic Algorithm,2,35,1,28,24
426,Genetic Algorithm,2,35,2,27,19
427,Genetic Algorithm,2,35,3,24,24
428,Genetic Algorithm,2,36,0,24,21
429,Genetic Algorithm,2,36,1,28,24
430,Genetic Algorithm,2,36,2,27,19
431,Genetic Algorithm,2,36,3,24,24
432,Genetic Algorithm,3,1,0,24,21
433,Genetic Algorithm,3,1,1,28,24
434,Genetic Algorithm,3,1,2,27,19
435,Genetic Algorithm,3,1,3,24,24
436,Genetic Algorithm,3,2,0,24,21
437,Genetic Algorithm,3,2,1,28,24
438,Genetic Algorithm,3,2,2,27,19
439,Genetic Algorithm,3,2,3,24,24
440,Genetic Algorithm,3,3,0,24,21
441,Genetic Algorithm,3,3,1,28,24
442,Genetic Algorithm,3,3,2,27,19
443,Genetic Algorithm,3,3,3,24,24
444,Genetic Algorithm,3,4,0,24,21
445,Genetic Algorithm,3,4,1,28,24
446,Genetic Algorithm,3,4,2,27,19
447,Genetic Algorithm,3,4,3,24,24
448,Genetic Algorithm,3,5,0,24,21
449,Genetic Algorithm,3,5,1,28,24
450,Genetic Algorithm,3,5,2,27,19
451,Genetic Algorithm,3,5,3,24,24
452,Genetic Algorithm,3,6,0,24,21
453,Genetic Algorithm,3,6,1,28,24
454,Genetic Algorithm,3,6,2,27,19
455,Genetic Algorithm,3,6,3,24,24
456,Genetic Algorithm,3,7,0,24,21
457,Genetic Algorithm,3,7,1,28,24
458,Genetic Algorithm,3,7,2,27,19
459,Genetic Algorithm,3,7,3,24,24
460,Genetic Algorithm,3,8,0,24,21
461,Genetic Algorithm,3,8,1,28,24
462,Genetic Algorithm,3,8,2,27,19
463,Genetic Algorithm,3,8,3,24,24
464,Genetic Algorithm,3,9,0,24,21
465,Genetic Algorithm,3,9,1,28,24
466,Genetic Algorithm,3,9,2,27,19
467,Genetic Algorithm,3,9,3,24,24
468,Genetic Algorithm,3,10,0,24,21
469,Genetic Algorithm,3,10,1,28,24
470,Genetic Algorithm,3,10,2,27,19
471,Genetic Algorithm,3,10,3,24,24
472,Genetic Algorithm,3,11,0,24,21
473,Genetic Algorithm,3,11,1,28,24
474,Genetic Algorithm,3,11,2,27,19
475,Genetic Algorithm,3,11,3,24,24
476,Genetic Algorithm,3,12,0,24,21
477,Genetic Algorithm,3,12,1,28,24
478,Genetic Algorithm,3,12,2,27,19
479,Genetic Algorithm,3,12,3,24,24
480,Genetic Algorithm,3,13,0,24,21
481,Genetic Algorithm,3,13,1,28,24
482,Genetic Algorithm,3,13,2,27,19
483,Genetic Algorithm,3,13,3,24,24
484,Genetic Algorithm,3,14,0,24,21
485,Genetic Algorithm,3,14,1,28,24
486,Genetic Algorithm,3,14,2,27,19
487,Genetic Algorithm,3,14,3,24,24
488,Genetic Algorithm,3,15,0,24,21
489,Genetic Algorithm,3,15,1,28,24
490,Genetic Algorithm,3,15,2,27,19
491,Genetic Algorithm,3,15,3,24,24
492,Genetic Algorithm,3,16,0,24,21
493,Genetic Algorithm,3,16,1,28,24
494,Genetic Algorithm,3,16,2,27,19
495,Genetic Algorithm,3,16,3,24,24
496,Genetic Algorithm,3,17,0,24,21
497,Genetic Algorithm,3,17,1,28,24
498,Genetic Algorithm,3,17,2,27,19
499,Genetic Algorithm,3,17,3,24,24
500,Genetic Algorithm,3,18,0,24,21
501,Genetic Algorithm,3,18,1,28,24
502,Genetic Algorithm,3,18,2,27,19
503,Genetic Algorithm,3,18,3,24,24
504,Genetic Algorithm,3,19,0,24,21
505,Genetic Algorithm,3,19,1,28,24
506,Genetic Algorithm,3,19,2,27,19
507,Genetic Algorithm,3,19,3,24,24
508,Genetic Algorithm,3,20,0,24,21
509,Genetic Algorithm,3,20,1,28,24
510,Genetic Algorithm,3,20,2,27,19
511,Genetic Algorithm,3,20,3,24,24
512,Genetic Algorithm,3,21,0,24,21
513,Genetic Algorithm,3,21,1,28,24
514,Genetic Algorithm,3,21,2,27,19
515,Genetic Algorithm,3,21,3,24,24
516,Genetic Algorithm,3,22,0,24,21
517,Genetic Algorithm,3,22,1,28,24
518,Genetic Algorithm,3,22,2,27,19
519,Genetic Algorithm,3,22,3,24,24
520,Genetic Algorithm,3,23,0,24,21
521,Genetic Algorithm,3,23,1,28,24
522,Genetic Algorithm,3,23,2,27,19
523,Genetic Algorithm,3,23,3,24,24
524,Genetic Algorithm,3,24,0,24,21
525,Genetic Algorithm,3,24,1,28,24
526,Genetic Algorithm,3,24,2,27,19
527,Genetic Algorithm,3,24,3,24,24
528,Genetic Algorithm,3,25,0,24,21
529,Genetic Algorithm,3,25,1,28,24
530,Genetic Algorithm,3,25,2,27,19
531,Genetic Algorithm,3,25,3,24,24
532,Genetic Algorithm,3,26,0,24,21
533,Genetic Algorithm,3,26,1,28,24
534,Genetic Algorithm,3,26,2,27,19
535,Genetic Algorithm,3,26,3,24,24
536,Genetic Algorithm,3,27,0,24,21
537,Genetic Algorithm,3,27,1,28,24
538,Genetic Algorithm,3,27,2,27,19
539,Genetic Algorithm,3,27,3,24,24
540,Genetic Algorithm,3,28,0,24,21
541,Genetic Algorithm,3,28,1,28,24
542,Genetic Algorithm,3,28,2,27,19
543,Genetic Algorithm,3,28,3,24,24
544,Genetic Algorithm,3,29,0,24,21
545,Genetic Algorithm,3,29,1,28,24
546,Genetic Algorithm,3,29,2,27,19
547,Genetic Algorithm,3,29,3,24,24
548,Genetic Algorithm,3,30,0,24,21
549,Genetic Algorithm,3,30,1,28,24
550,Genetic Algorithm,3,30,2,27,19
551,Genetic Algorithm,3,30,3,24,24
552,Genetic Algorithm,3,31,0,24,21
553,Genetic Algorithm,3,31,1,28,24
554,Genetic Algorithm,3,31,2,27,19
555,Genetic Algorithm,3,31,3,24,24
556,Genetic Algorithm,3,32,0,24,21
557,Genetic Algorithm,3,32,1,28,24
558,Genetic Algorithm,3,32,2,27,19
559,Genetic Algorithm,3,32,3,24,24
560,Genetic Algorithm,3,33,0,24,21
561,Genetic Algorithm,3,33,1,28,24
562,Genetic Algorithm,3,33,2,27,19
563,Genetic Algorithm,3,33,3,24,24
564,Genetic Algorithm,3,34,0,24,21
565,Genetic Algorithm,3,34,1,28,24
566,Genetic Algorithm,3,34,2,27,19
567,Genetic Algorithm,3,34,3,24,24
568,Genetic Algorithm,3,35,0,24,21
569,Genetic Algorithm,3,35,1,28,24
570,Genetic Algorithm,3,35,2,27,19
571,Genetic Algorithm,3,35,3,24,24
572,Genetic Algorithm,3,36,0,24,21
573,Genetic Algorithm,3,36,1,28,24
574,Genetic Algorithm,3,36,2,27,19
575,Genetic Algorithm,3,36,3,24,24
576,Genetic Algorithm,4,1,0,24,21
577,Genetic Algorithm,4,1,1,28,24
578,Genetic Algorithm,4,1,2,27,19
579,Genetic Algorithm,4,1,3,24,24
580,Genetic Algorithm,4,2,0,24,21
581,Genetic Algorithm,4,2,1,28,24
582,Genetic Algorithm,4,2,2,27,19
583,Genetic Algorithm,4,2,3,24,24
584,Genetic Algorithm,4,3,0,24,21
585,Genetic Algorithm,4,3,1,28,24
586,Genetic Algorithm,4,3,2,27,19
587,Genetic Algorithm,4,3,3,24,24
588,Genetic Algorithm,4,4,0,24,21
589,Genetic Algorithm,4,4,1,28,24
590,Genetic Algorithm,4,4,2,27,19
591,Genetic Algorithm,4,4,3,24,24
592,Genetic Algorithm,4,5,0,24,21
593,Genetic Algorithm,4,5,1,28,24
594,Genetic Algorithm,4,5,2,27,19
595,Genetic Algorithm,4,5,3,24,24
596,Genetic Algorithm,4,6,0,24,21
597,Genetic Algorithm,4,6,1,28,24
598,Genetic Algorithm,4,6,2,27,19
599,Genetic Algorithm,4,6,3,24,24
600,Genetic Algorithm,4,7,0,24,21
601,Genetic Algorithm,4,7,1,28,24
602,Genetic Algorithm,4,7,2,27,19
603,Genetic Algorithm,4,7,3,24,24
604,Genetic Algorithm,4,8,0,24,21
605,Genetic Algorithm,4,8,1,28,24
606,Genetic Algorithm,4,8,2,27,19
607,Genetic Algorithm,4,8,3,24,24
608,Genetic Algorithm,4,9,0,24,21
609,Genetic Algorithm,4,9,1,28,24
610,Genetic Algorithm,4,9,2,27,19
611,Genetic Algorithm,4,9,3,24,24
612,Genetic Algorithm,4,10,0,24,21
613,Genetic Algorithm,4,10,1,28,24
614,Genetic Algorithm,4,10,2,27,19
615,Genetic Algorithm,4,10,3,24,24
616,Genetic Algorithm,4,11,0,24,21
617,Genetic Algorithm,4,11,1,28,24
618,Genetic Algorithm,4,11,2,27,19
619,Genetic Algorithm,4,11,3,24,24
620,Genetic Algorithm,4,12,0,24,21
621,Genetic Algorithm,4,12,1,28,24
622,Genetic Algorithm,4,12,2,27,19
623,Genetic Algorithm,4,12,3,24,24
624,Genetic Algorithm,4,13,0,24,21
625,Genetic Algorithm,4,13,1,28,24
626,Genetic Algorithm,4,13,2,27,19
627,Genetic Algorithm,4,13,3,24,24
628,Genetic Algorithm,4,14,0,24,21
629,Genetic Algorithm,4,14,1,28,24
630,Genetic Algorithm,4,14,2,27,19
631,Genetic Algorithm,4,14,3,24,24
632,Genetic Algorithm,4,15,0,24,21
633,Genetic Algorithm,4,15,1,28,24
634,Genetic Algorithm,4,15,2,27,19
635,Genetic Algorithm,4,15,3,24,24
636,Genetic Algorithm,4,16,0,24,21
637,Genetic Algorithm,4,16,1,28,24
638,Genetic Algorithm,4,16,2,27,19
639,Genetic Algorithm,4,16,3,24,24
640,Genetic Algorithm,4,17,0,24,21
641,Genetic Algorithm,4,17,1,28,24
642,Genetic Algorithm,4,17,2,27,19
643,Genetic Algorithm,4,17,3,24,24
644,Genetic Algorithm,4,18,0,24,21
645,Genetic Algorithm,4,18,1,28,24
646,Genetic Algorithm,4,18,2,27,19
647,Genetic Algorithm,4,18,3,24,24
648,Genetic Algorithm,4,19,0,24,21
649,Genetic Algorithm,4,19,1,28,24
650,Genetic Algorithm,4,19,2,27,19
651,Genetic Algorithm,4,19,3,24,24
652,Genetic Algorithm,4,20,0,24,21
653,Genetic Algorithm,4,20,1,28,24
654,Genetic Algorithm,4,20,2,27,19
655,Genetic Algorithm,4,20,3,24,24
656,Genetic Algorithm,4,21,0,24,21
657,Genetic Algorithm,4,21,1,28,24
658,Genetic Algorithm,4,21,2,27,19
659,Genetic Algorithm,4,21,3,24,24
660,Genetic Algorithm,4,22,0,24,21
661,Genetic Algorithm,4,22,1,28,24
662,Genetic Algorithm,4,22,2,27,19
663,Genetic Algorithm,4,22,3,24,24
664,Genetic Algorithm,4,23,0,24,21
665,Genetic Algorithm,4,23,1,28,24
666,Genetic Algorithm,4,23,2,27,19
667,Genetic Algorithm,4,23,3,24,24
668,Genetic Algorithm,4,24,0,24,21
669,Genetic Algorithm,4,24,1,28,24
670,Genetic Algorithm,4,24,2,27,19
671,Genetic Algorithm,4,24,3,24,24
672,Genetic Algorithm,4,25,0,24,21
673,Genetic Algorithm,4,25,1,28,24
674,Genetic Algorithm,4,25,2,27,19
675,Genetic Algorithm,4,25,3,24,24
676,Genetic Algorithm,4,26,0,24,21
677,Genetic Algorithm,4,26,1,28,24
678,Genetic Algorithm,4,26,2,27,19
679,Genetic Algorithm,4,26,3,24,24
680,Genetic Algorithm,4,27,0,24,21
681,Genetic Algorithm,4,27,1,28,24
682,Genetic Algorithm,4,27,2,27,19
683,Genetic Algorithm,4,27,3,24,24
684,Genetic Algorithm,4,28,0,24,21
685,Genetic Algorithm,4,28,1,28,24
686,Genetic Algorithm,4,28,2,27,19
687,Genetic Algorithm,4,28,3,24,24
688,Genetic Algorithm,4,29,0,24,21
689,Genetic Algorithm,4,29,1,28,24
690,Genetic Algorithm,4,29,2,27,19
691,Genetic Algorithm,4,29,3,24,24
692,Genetic Algorithm,4,30,0,24,21
693,Genetic Algorithm,4,30,1,28,24
694,Genetic Algorithm,4,30,2,27,19
695,Genetic Algorithm,4,30,3,24,24
696,Genetic Algorithm,4,31,0,24,21
697,Genetic Algorithm,4,31,1,28,24
698,Genetic Algorithm,4,31,2,27,19
699,Genetic Algorithm,4,31,3,24,24
700,Genetic Algorithm,4,32,0,24,21
701,Genetic Algorithm,4,32,1,28,24
702,Genetic Algorithm,4,32,2,27,19
703,Genetic Algorithm,4,32,3,24,24
704,Genetic Algorithm,4,33,0,24,21
705,Genetic Algorithm,4,33,1,28,24
706,Genetic Algorithm,4,33,2,27,19
707,Genetic Algorithm,4,33,3,24,24
708,Genetic Algorithm,4,34,0,24,21
709,Genetic Algorithm,4,34,1,28,24
710,Genetic Algorithm,4,34,2,27,19
711,Genetic Algorithm,4,34,3,24,24
712,Genetic Algorithm,4,35,0,24,21
713,Genetic Algorithm,4,35,1,28,24
714,Genetic Algorithm,4,35,2,27,19
715,Genetic Algorithm,4,35,3,24,24
716,Genetic Algorithm,4,36,0,24,21
717,Genetic Algorithm,4,36,1,28,24
718,Genetic Algorithm,4,36,2,27,19
719,Genetic Algorithm,4,36,3,24,24
720,Genetic Algorithm,5,1,0,24,21
721,Genetic Algorithm,5,1,1,28,24
722,Genetic Algorithm,5,1,2,27,19
723,Genetic Algorithm,5,1,3,24,24
724,Genetic Algorithm,5,2,0,24,21
725,Genetic Algorithm,5,2,1,28,24
726,Genetic Algorithm,5,2,2,27,19
727,Genetic Algorithm,5,2,3,24,24
728,Genetic Algorithm,5,3,0,24,21
729,Genetic Algorithm,5,3,1,28,24
730,Genetic Algorithm,5,3,2,27,19
731,Genetic Algorithm,5,3,3,24,24
732,Genetic Algorithm,5,4,0,24,21
733,Genetic Algorithm,5,4,1,28,24
734,Genetic Algorithm,5,4,2,27,19
735,Genetic Algorithm,5,4,3,24,24
736,Genetic Algorithm,5,5,0,24,21
737,Genetic Algorithm,5,5,1,28,24
738,Genetic Algorithm,5,5,2,27,19
739,Genetic Algorithm,5,5,3,24,24
740,Genetic Algorithm,5,6,0,24,21
741,Genetic Algorithm,5,6,1,28,24
742,Genetic Algorithm,5,6,2,27,19
743,Genetic Algorithm,5,6,3,24,24
744,Genetic Algorithm,5,7,0,24,21
745,Genetic Algorithm,5,7,1,28,24
746,Genetic Algorithm,5,7,2,27,19
747,Genetic Algorithm,5,7,3,24,24
748,Genetic Algorithm,5,8,0,24,21
749,Genetic Algorithm,5,8,1,28,24
750,Genetic Algorithm,5,8,2,27,19
751,Genetic Algorithm,5,8,3,24,24
752,Genetic Algorithm,5,9,0,24,21
753,Genetic Algorithm,5,9,1,28,24
754,Genetic Algorithm,5,9,2,27,19
755,Genetic Algorithm,5,9,3,24,24
756,Genetic Algorithm,5,10,0,24,21
757,Genetic Algorithm,5,10,1,28,24
758,Genetic Algorithm,5,10,2,27,19
759,Genetic Algorithm,5,10,3,24,24
760,Genetic Algorithm,5,11,0,24,21
761,Genetic Algorithm,5,11,1,28,24
762,Genetic Algorithm,5,11,2,27,19
763,Genetic Algorithm,5,11,3,24,24
764,Genetic Algorithm,5,12,0,24,21
765,Genetic Algorithm,5,12,1,28,24
766,Genetic Algorithm,5,12,2,27,19
767,Genetic Algorithm,5,12,3,24,24
768,Genetic Algorithm,5,13,0,24,21
769,Genetic Algorithm,5,13,1,28,24
770,Genetic Algorithm,5,13,2,27,19
771,Genetic Algorithm,5,13,3,24,24
772,Genetic Algorithm,5,14,0,24,21
773,Genetic Algorithm,5,14,1,28,24
774,Genetic Algorithm,5,14,2,27,19
775,Genetic Algorithm,5,14,3,24,24
776,Genetic Algorithm,5,15,0,24,21
777,Genetic Algorithm,5,15,1,28,24
778,Genetic Algorithm,5,15,2,27,19
779,Genetic Algorithm,5,15,3,24,24
780,Genetic Algorithm,5,16,0,24,21
781,Genetic Algorithm,5,16,1,28,24
782,Genetic Algorithm,5,16,2,27,19
783,Genetic Algorithm,5,16,3,24,24
784,Genetic Algorithm,5,17,0,24,21
785,Genetic Algorithm,5,17,1,28,24
786,Genetic Algorithm,5,17,2,27,19
787,Genetic Algorithm,5,17,3,24,24
788,Genetic Algorithm,5,18,0,24,21
789,Genetic Algorithm,5,18,1,28,24
790,Genetic Algorithm,5,18,2,27,19
791,Genetic Algorithm,5,18,3,24,24
792,Genetic Algorithm,5,19,0,24,21
793,Genetic Algorithm,5,19,1,28,24
794,Genetic Algorithm,5,19,2,27,19
795,Genetic Algorithm,5,19,3,24,24
796,Genetic Algorithm,5,20,0,24,21
797,Genetic Algorithm,5,20,1,28,24
798,Genetic Algorithm,5,20,2,27,19
799,Genetic Algorithm,5,20,3,24,24
800,Genetic Algorithm,5,21,0,24,21
801,Genetic Algorithm,5,21,1,28,24
802,Genetic Algorithm,5,21,2,27,19
803,Genetic Algorithm,5,21,3,24,24
804,Genetic Algorithm,5,22,0,24,21
805,Genetic Algorithm,5,22,1,28,24
806,Genetic Algorithm,5,22,2,27,19
807,Genetic Algorithm,5,22,3,24,24
808,Genetic Algorithm,5,23,0,24,21
809,Genetic Algorithm,5,23,1,28,24
810,Genetic Algorithm,5,23,2,27,19
811,Genetic Algorithm,5,23,3,24,24
812,Genetic Algorithm,5,24,0,24,21
813,Genetic Algorithm,5,24,1,28,24
814,Genetic Algorithm,5,24,2,27,19
815,Genetic Algorithm,5,24,3,24,24
816,Genetic Algorithm,5,25,0,24,21
817,Genetic Algorithm,5,25,1,28,24
818,Genetic Algorithm,5,25,2,27,19
819,Genetic Algorithm,5,25,3,24,24
820,Genetic Algorithm,5,26,0,24,21
821,Genetic Algorithm,5,26,1,28,24
822,Genetic Algorithm,5,26,2,27,19
823,Genetic Algorithm,5,26,3,24,24
824,Genetic Algorithm,5,27,0,24,21
825,Genetic Algorithm,5,27,1,28,24
826,Genetic Algorithm,5,27,2,27,19
827,Genetic Algorithm,5,27,3,24,24
828,Genetic Algorithm,5,28,0,24,21
829,Genetic Algorithm,5,28,1,28,24
830,Genetic Algorithm,5,28,2,27,19
831,Genetic Algorithm,5,28,3,24,24
832,Genetic Algorithm,5,29,0,24,21
833,Genetic Algorithm,5,29,1,28,24
834,Genetic Algorithm,5,29,2,27,19
835,Genetic Algorithm,5,29,3,24,24
836,Genetic Algorithm,5,30,0,24,21
837,Genetic Algorithm,5,30,1,28,24
838,Genetic Algorithm,5,30,2,27,19
839,Genetic Algorithm,5,30,3,24,24
840,Genetic Algorithm,5,31,0,24,21
841,Genetic Algorithm,5,31,1,28,24
842,Genetic Algorithm,5,31,2,27,19
843,Genetic Algorithm,5,31,3,24,24
844,Genetic Algorithm,5,32,0,24,21
845,Genetic Algorithm,5,32,1,28,24
846,Genetic Algorithm,5,32,2,27,19
847,Genetic Algorithm,5,32,3,24,24
848,Genetic Algorithm,5,33,0,24,21
849,Genetic Algorithm,5,33,1,28,24
850,Genetic Algorithm,5,33,2,27,19
851,Genetic Algorithm,5,33,3,24,24
852,Genetic Algorithm,5,34,0,24,21
853,Genetic Algorithm,5,34,1,28,24
854,Genetic Algorithm,5,34,2,27,19
855,Genetic Algorithm,5,34,3,24,24
856,Genetic Algorithm,5,35,0,24,21
857,Genetic Algorithm,5,35,1,28,24
858,Genetic Algorithm,5,35,2,27,19
859,Genetic Algorithm,5,35,3,24,24
860,Genetic Algorithm,5,36,0,24,21
861,Genetic Algorithm,5,36,1,28,24
862,Genetic Algorithm,5,36,2,27,19
863,Genetic Algorithm,5,36,3,24,24
864,Genetic Algorithm,6,1,0,24,21
865,Genetic Algorithm,6,1,1,28,24
866,Genetic Algorithm,6,1,2,27,19
867,Genetic Algorithm,6,1,3,24,24
868,Genetic Algorithm,6,2,0,24,21
869,Genetic Algorithm,6,2,1,28,24
870,Genetic Algorithm,6,2,2,27,19
871,Genetic Algorithm,6,2,3,24,24
872,Genetic Algorithm,6,3,0,24,21
873,Genetic Algorithm,6,3,1,28,24
874,Genetic Algorithm,6,3,2,27,19
875,Genetic Algorithm,6,3,3,24,24
876,Genetic Algorithm,6,4,0,24,21
877,Genetic Algorithm,6,4,1,28,24
878,Genetic Algorithm,6,4,2,27,19
879,Genetic Algorithm,6,4,3,24,24
880,Genetic Algorithm,6,5,0,24,21
881,Genetic Algorithm,6,5,1,28,24
882,Genetic Algorithm,6,5,2,27,19
883,Genetic Algorithm,6,5,3,24,24
884,Genetic Algorithm,6,6,0,24,21
885,Genetic Algorithm,6,6,1,28,24
886,Genetic Algorithm,6,6,2,27,19
887,Genetic Algorithm,6,6,3,24,24
888,Genetic Algorithm,6,7,0,24,21
889,Genetic Algorithm,6,7,1,28,24
890,Genetic Algorithm,6,7,2,27,19
891,Genetic Algorithm,6,7,3,24,24
892,Genetic Algorithm,6,8,0,24,21
893,Genetic Algorithm,6,8,1,28,24
894,Genetic Algorithm,6,8,2,27,19
895,Genetic Algorithm,6,8,3,24,24
896,Genetic Algorithm,6,9,0,24,21
897,Genetic Algorithm,6,9,1,28,24
898,Genetic Algorithm,6,9,2,27,19
899,Genetic Algorithm,6,9,3,24,24
900,Genetic Algorithm,6,10,0,24,21
901,Genetic Algorithm,6,10,1,28,24
902,Genetic Algorithm,6,10,2,27,19
903,Genetic Algorithm,6,10,3,24,24
904,Genetic Algorithm,6,11,0,24,21
905,Genetic Algorithm,6,11,1,28,24
906,Genetic Algorithm,6,11,2,27,19
907,Genetic Algorithm,6,11,3,24,24
908,Genetic Algorithm,6,12,0,24,21
909,Genetic Algorithm,6,12,1,28,24
910,Genetic Algorithm,6,12,2,27,19
911,Genetic Algorithm,6,12,3,24,24
912,Genetic Algorithm,6,13,0,24,21
913,Genetic Algorithm,6,13,1,28,24
914,Genetic Algorithm,6,13,2,27,19
915,Genetic Algorithm,6,13,3,24,24
916,Genetic Algorithm,6,14,0,24,21
917,Genetic Algorithm,6,14,1,28,24
918,Genetic Algorithm,6,14,2,27,19
919,Genetic Algorithm,6,14,3,24,24
920,Genetic Algorithm,6,15,0,24,21
921,Genetic Algorithm,6,15,1,28,24
922,Genetic Algorithm,6,15,2,27,19
923,Genetic Algorithm,6,15,3,24,24
924,Genetic Algorithm,6,16,0,24,21
925,Genetic Algorithm,6,16,1,28,24
926,Genetic Algorithm,6,16,2,27,19
927,Genetic Algorithm,6,16,3,24,24
928,Genetic Algorithm,6,17,0,24,21
929,Genetic Algorithm,6,17,1,28,24
930,Genetic Algorithm,6,17,2,27,19
931,Genetic Algorithm,6,17,3,24,24
932,Genetic Algorithm,6,18,0,24,21
933,Genetic Algorithm,6,18,1,28,24
934,Genetic Algorithm,6,18,2,27,19
935,Genetic Algorithm,6,18,3,24,24
936,Genetic Algorithm,6,19,0,24,21
937,Genetic Algorithm,6,19,1,28,24
938,Genetic Algorithm,6,19,2,27,19
939,Genetic Algorithm,6,19,3,24,24
940,Genetic Algorithm,6,20,0,24,21
941,Genetic Algorithm,6,20,1,28,24
942,Genetic Algorithm,6,20,2,27,19
943,Genetic Algorithm,6,20,3,24,24
944,Genetic Algorithm,6,21,0,24,21
945,Genetic Algorithm,6,21,1,28,24
946,Genetic Algorithm,6,21,2,27,19
947,Genetic Algorithm,6,21,3,24,24
948,Genetic Algorithm,6,22,0,24,21
949,Genetic Algorithm,6,22,1,28,24
950,Genetic Algorithm,6,22,2,27,19
951,Genetic Algorithm,6,22,3,24,24
952,Genetic Algorithm,6,23,0,24,21
953,Genetic Algorithm,6,23,1,28,24
954,Genetic Algorithm,6,23,2,27,19
955,Genetic Algorithm,6,23,3,24,24
956,Genetic Algorithm,6,24,0,24,21
957,Genetic Algorithm,6,24,1,28,24
958,Genetic Algorithm,6,24,2,27,19
959,Genetic Algorithm,6,24,3,24,24
960,Genetic Algorithm,6,25,0,24,21
961,Genetic Algorithm,6,25,1,28,24
962,Genetic Algorithm,6,25,2,27,19
963,Genetic Algorithm,6,25,3,24,24
964,Genetic Algorithm,6,26,0,24,21
965,Genetic Algorithm,6,26,1,28,24
966,Genetic Algorithm,6,26,2,27,19
967,Genetic Algorithm,6,26,3,24,24
968,Genetic Algorithm,6,27,0,24,21
969,Genetic Algorithm,6,27,1,28,24
970,Genetic Algorithm,6,27,2,27,19
971,Genetic Algorithm,6,27,3,24,24
972,Genetic Algorithm,6,28,0,24,21
973,Genetic Algorithm,6,28,1,28,24
974,Genetic Algorithm,6,28,2,27,19
975,Genetic Algorithm,6,28,3,24,24
976,Genetic Algorithm,6,29,0,24,21
977,Genetic Algorithm,6,29,1,28,24
978,Genetic Algorithm,6,29,2,27,19
979,Genetic Algorithm,6,29,3,24,24
980,Genetic Algorithm,6,30,0,24,21
981,Genetic Algorithm,6,30,1,28,24
982,Genetic Algorithm,6,30,2,27,19
983,Genetic Algorithm,6,30,3,24,24
984,Genetic Algorithm,6,31,0,24,21
985,Genetic Algorithm,6,31,1,28,24
986,Genetic Algorithm,6,31,2,27,19
987,Genetic Algorithm,6,31,3,24,24
988,Genetic Algorithm,6,32,0,24,21
989,Genetic Algorithm,6,32,1,28,24
990,Genetic Algorithm,6,32,2,27,19
991,Genetic Algorithm,6,32,3,24,24
992,Genetic Algorithm,6,33,0,24,21
993,Genetic Algorithm,6,33,1,28,24
994,Genetic Algorithm,6,33,2,27,19
995,Genetic Algorithm,6,33,3,24,24
996,Genetic Algorithm,6,34,0,24,21
997,Genetic Algorithm,6,34,1,28,24
998,Genetic Algorithm,6,34,2,27,19
999,Genetic Algorithm,6,34,3,24,24
1000,Genetic Algorithm,6,35,0,24,21
1001,Genetic Algorithm,6,35,1,28,24
1002,Genetic Algorithm,6,35,2,27,19
1003,Genetic Algorithm,6,35,3,24,24
1004,Genetic Algorithm,6,36,0,24,21
1005,Genetic Algorithm,6,36,1,28,24
1006,Genetic Algorithm,6,36,2,27,19
1007,Genetic Algorithm,6,36,3,24,24
1008,Genetic Algorithm,7,1,0,24,21
1009,Genetic Algorithm,7,1,1,28,24
1010,Genetic Algorithm,7,1,2,27,19
1011,Genetic Algorithm,7,1,3,24,24
1012,Genetic Algorithm,7,2,0,24,21
1013,Genetic Algorithm,7,2,1,28,24
1014,Genetic Algorithm,7,2,2,27,19
1015,Genetic Algorithm,7,2,3,24,24
1016,Genetic Algorithm,7,3,0,24,21
1017,Genetic Algorithm,7,3,1,28,24
1018,Genetic Algorithm,7,3,2,27,19
1019,Genetic Algorithm,7,3,3,24,24
1020,Genetic Algorithm,7,4,0,24,21
1021,Genetic Algorithm,7,4,1,28,24
1022,Genetic Algorithm,7,4,2,27,19
1023,Genetic Algorithm,7,4,3,24,24
1024,Genetic Algorithm,7,5,0,24,21
1025,Genetic Algorithm,7,5,1,28,24
1026,Genetic Algorithm,7,5,2,27,19
1027,Genetic Algorithm,7,5,3,24,24
1028,Genetic Algorithm,7,6,0,24,21
1029,Genetic Algorithm,7,6,1,28,24
1030,Genetic Algorithm,7,6,2,27,19
1031,Genetic Algorithm,7,6,3,24,24
1032,Genetic Algorithm,7,7,0,24,21
1033,Genetic Algorithm,7,7,1,28,24
1034,Genetic Algorithm,7,7,2,27,19
1035,Genetic Algorithm,7,7,3,24,24
1036,Genetic Algorithm,7,8,0,24,21
1037,Genetic Algorithm,7,8,1,28,24
1038,Genetic Algorithm,7,8,2,27,19
1039,Genetic Algorithm,7,8,3,24,24
1040,Genetic Algorithm,7,9,0,24,21
1041,Genetic Algorithm,7,9,1,28,24
1042,Genetic Algorithm,7,9,2,27,19
1043,Genetic Algorithm,7,9,3,24,24
1044,Genetic Algorithm,7,10,0,24,21
1045,Genetic Algorithm,7,10,1,28,24
1046,Genetic Algorithm,7,10,2,27,19
1047,Genetic Algorithm,7,10,3,24,24
1048,Genetic Algorithm,7,11,0,24,21
1049,Genetic Algorithm,7,11,1,28,24
1050,Genetic Algorithm,7,11,2,27,19
1051,Genetic Algorithm,7,11,3,24,24
1052,Genetic Algorithm,7,12,0,24,21
1053,Genetic Algorithm,7,12,1,28,24
1054,Genetic Algorithm,7,12,2,27,19
1055,Genetic Algorithm,7,12,3,24,24
1056,Genetic Algorithm,7,13,0,24,21
1057,Genetic Algorithm,7,13,1,28,24
1058,Genetic Algorithm,7,13,2,27,19
1059,Genetic Algorithm,7,13,3,24,24
1060,Genetic Algorithm,7,14,0,24,21
1061,Genetic Algorithm,7,14,1,28,24
1062,Genetic Algorithm,7,14,2,27,19
1063,Genetic Algorithm,7,14,3,24,24
1064,Genetic Algorithm,7,15,0,24,21
1065,Genetic Algorithm,7,15,1,28,24
1066,Genetic Algorithm,7,15,2,27,19
1067,Genetic Algorithm,7,15,3,24,24
1068,Genetic Algorithm,7,16,0,24,21
1069,Genetic Algorithm,7,16,1,28,24
1070,Genetic Algorithm,7,16,2,27,19
1071,Genetic Algorithm,7,16,3,24,24
1072,Genetic Algorithm,7,17,0,24,21
1073,Genetic Algorithm,7,17,1,28,24
1074,Genetic Algorithm,7,17,2,27,19
1075,Genetic Algorithm,7,17,3,24,24
1076,Genetic Algorithm,7,18,0,24,21
1077,Genetic Algorithm,7,18,1,28,24
1078,Genetic Algorithm,7,18,2,27,19
1079,Genetic Algorithm,7,18,3,24,24
1080,Genetic Algorithm,7,19,0,24,21
1081,Genetic Algorithm,7,19,1,28,24
1082,Genetic Algorithm,7,19,2,27,19
1083,Genetic Algorithm,7,19,3,24,24
1084,Genetic Algorithm,7,20,0,24,21
1085,Genetic Algorithm,7,20,1,28,24
1086,Genetic Algorithm,7,20,2,27,19
1087,Genetic Algorithm,7,20,3,24,24
1088,Genetic Algorithm,7,21,0,24,21
1089,Genetic Algorithm,7,21,1,28,24
1090,Genetic Algorithm,7,21,2,27,19
1091,Genetic Algorithm,7,21,3,24,24
1092,Genetic Algorithm,7,22,0,24,21
1093,Genetic Algorithm,7,22,1,28,24
1094,Genetic Algorithm,7,22,2,27,19
1095,Genetic Algorithm,7,22,3,24,24
1096,Genetic Algorithm,7,23,0,24,21
1097,Genetic Algorithm,7,23,1,28,24
1098,Genetic Algorithm,7,23,2,27,19
1099,Genetic Algorithm,7,23,3,24,24
1100,Genetic Algorithm,7,24,0,24,21
1101,Genetic Algorithm,7,24,1,28,24
1102,Genetic Algorithm,7,24,2,27,19
1103,Genetic Algorithm,7,24,3,24,24
1104,Genetic Algorithm,7,25,0,24,21
1105,Genetic Algorithm,7,25,1,28,24
1106,Genetic Algorithm,7,25,2,27,19
1107,Genetic Algorithm,7,25,3,24,24
1108,Genetic Algorithm,7,26,0,24,21
1109,Genetic Algorithm,7,26,1,28,24
1110,Genetic Algorithm,7,26,2,27,19
1111,Genetic Algorithm,7,26,3,24,24
1112,Genetic Algorithm,7,27,0,24,21
1113,Genetic Algorithm,7,27,1,28,24
1114,Genetic Algorithm,7,27,2,27,19
1115,Genetic Algorithm,7,27,3,24,24
1116,Genetic Algorithm,7,28,0,24,21
1117,Genetic Algorithm,7,28,1,28,24
1118,Genetic Algorithm,7,28,2,27,19
1119,Genetic Algorithm,7,28,3,24,24
1120,Genetic Algorithm,7,29,0,24,21
1121,Genetic Algorithm,7,29,1,28,24
1122,Genetic Algorithm,7,29,2,27,19
1123,Genetic Algorithm,7,29,3,24,24
1124,Genetic Algorithm,7,30,0,24,21
1125,Genetic Algorithm,7,30,1,28,24
1126,Genetic Algorithm,7,30,2,27,19
1127,Genetic Algorithm,7,30,3,24,24
1128,Genetic Algorithm,7,31,0,24,21
1129,Genetic Algorithm,7,31,1,28,24
1130,Genetic Algorithm,7,31,2,27,19
1131,Genetic Algorithm,7,31,3,24,24
1132,Genetic Algorithm,7,32,0,24,21
1133,Genetic Algorithm,7,32,1,28,24
1134,Genetic Algorithm,7,32,2,27,19
1135,Genetic Algorithm,7,32,3,24,24
1136,Genetic Algorithm,7,33,0,24,21
1137,Genetic Algorithm,7,33,1,28,24
1138,Genetic Algorithm,7,33,2,27,19
1139,Genetic Algorithm,7,33,3,24,24
1140,Genetic Algorithm,7,34,0,24,21
1141,Genetic Algorithm,7,34,1,28,24
1142,Genetic Algorithm,7,34,2,27,19
1143,Genetic Algorithm,7,34,3,24,24
1144,Genetic Algorithm,7,35,0,24,21
1145,Genetic Algorithm,7,35,1,28,24
1146,Genetic Algorithm,7,35,2,27,19
1147,Genetic Algorithm,7,35,3,24,24
1148,Genetic Algorithm,7,36,0,24,21
1149,Genetic Algorithm,7,36,1,28,24
1150,Genetic Algorithm,7,36,2,27,19
1151,Genetic Algorithm,7,36,3,24,24
1152,Genetic Algorithm,8,1,0,24,21
1153,Genetic Algorithm,8,1,1,28,24
1154,Genetic Algorithm,8,1,2,27,19
1155,Genetic Algorithm,8,1,3,24,24
1156,Genetic Algorithm,8,2,0,24,21
1157,Genetic Algorithm,8,2,1,28,24
1158,Genetic Algorithm,8,2,2,27,19
1159,Genetic Algorithm,8,2,3,24,24
1160,Genetic Algorithm,8,3,0,24,21
1161,Genetic Algorithm,8,3,1,28,24
1162,Genetic Algorithm,8,3,2,27,19
1163,Genetic Algorithm,8,3,3,24,24
1164,Genetic Algorithm,8,4,0,24,21
1165,Genetic Algorithm,8,4,1,28,24
1166,Genetic Algorithm,8,4,2,27,19
1167,Genetic Algorithm,8,4,3,24,24
1168,Genetic Algorithm,8,5,0,24,21
1169,Genetic Algorithm,8,5,1,28,24
1170,Genetic Algorithm,8,5,2,27,19
1171,Genetic Algorithm,8,5,3,24,24
1172,Genetic Algorithm,8,6,0,24,21
1173,Genetic Algorithm,8,6,1,28,24
1174,Genetic Algorithm,8,6,2,27,19
1175,Genetic Algorithm,8,6,3,24,24
1176,Genetic Algorithm,8,7,0,24,21
1177,Genetic Algorithm,8,7,1,28,24
1178,Genetic Algorithm,8,7,2,27,19
1179,Genetic Algorithm,8,7,3,24,24
1180,Genetic Algorithm,8,8,0,24,21
1181,Genetic Algorithm,8,8,1,28,24
1182,Genetic Algorithm,8,8,2,27,19
1183,Genetic Algorithm,8,8,3,24,24
1184,Genetic Algorithm,8,9,0,24,21
1185,Genetic Algorithm,8,9,1,28,24
1186,Genetic Algorithm,8,9,2,27,19
1187,Genetic Algorithm,8,9,3,24,24
1188,Genetic Algorithm,8,10,0,24,21
1189,Genetic Algorithm,8,10,1,28,24
1190,Genetic Algorithm,8,10,2,27,19
1191,Genetic Algorithm,8,10,3,24,24
1192,Genetic Algorithm,8,11,0,24,21
1193,Genetic Algorithm,8,11,1,28,24
1194,Genetic Algorithm,8,11,2,27,19
1195,Genetic Algorithm,8,11,3,24,24
1196,Genetic Algorithm,8,12,0,24,21
1197,Genetic Algorithm,8,12,1,28,24
1198,Genetic Algorithm,8,12,2,27,19
1199,Genetic Algorithm,8,12,3,24,24
1200,Genetic Algorithm,8,13,0,24,21
1201,Genetic Algorithm,8,13,1,28,24
1202,Genetic Algorithm,8,13,2,27,19
1203,Genetic Algorithm,8,13,3,24,24
1204,Genetic Algorithm,8,14,0,24,21
1205,Genetic Algorithm,8,14,1,28,24
1206,Genetic Algorithm,8,14,2,27,19
1207,Genetic Algorithm,8,14,3,24,24
1208,Genetic Algorithm,8,15,0,24,21
1209,Genetic Algorithm,8,15,1,28,24
1210,Genetic Algorithm,8,15,2,27,19
1211,Genetic Algorithm,8,15,3,24,24
1212,Genetic Algorithm,8,16,0,24,21
1213,Genetic Algorithm,8,16,1,28,24
1214,Genetic Algorithm,8,16,2,27,19
1215,Genetic Algorithm,8,16,3,24,24
1216,Genetic Algorithm,8,17,0,24,21
1217,Genetic Algorithm,8,17,1,28,24
1218,Genetic Algorithm,8,17,2,27,19
1219,Genetic Algorithm,8,17,3,24,24
1220,Genetic Algorithm,8,18,0,24,21
1221,Genetic Algorithm,8,18,1,28,24
1222,Genetic Algorithm,8,18,2,27,19
1223,Genetic Algorithm,8,18,3,24,24
1224,Genetic Algorithm,8,19,0,24,21
1225,Genetic Algorithm,8,19,1,28,24
1226,Genetic Algorithm,8,19,2,27,19
1227,Genetic Algorithm,8,19,3,24,24
1228,Genetic Algorithm,8,20,0,24,21
1229,Genetic Algorithm,8,20,1,28,24
1230,Genetic Algorithm,8,20,2,27,19
1231,Genetic Algorithm,8,20,3,24,24
1232,Genetic Algorithm,8,21,0,24,21
1233,Genetic Algorithm,8,21,1,28,24
1234,Genetic Algorithm,8,21,2,27,19
1235,Genetic Algorithm,8,21,3,24,24
1236,Genetic Algorithm,8,22,0,24,21
1237,Genetic Algorithm,8,22,1,28,24
1238,Genetic Algorithm,8,22,2,27,19
1239,Genetic Algorithm,8,22,3,24,24
1240,Genetic Algorithm,8,23,0,24,21
1241,Genetic Algorithm,8,23,1,28,24
1242,Genetic Algorithm,8,23,2,27,19
1243,Genetic Algorithm,8,23,3,24,24
1244,Genetic Algorithm,8,24,0,24,21
1245,Genetic Algorithm,8,24,1,28,24
1246,Genetic Algorithm,8,24,2,27,19
1247,Genetic Algorithm,8,24,3,24,24
1248,Genetic Algorithm,8,25,0,24,21
1249,Genetic Algorithm,8,25,1,28,24
1250,Genetic Algorithm,8,25,2,27,19
1251,Genetic Algorithm,8,25,3,24,24
1252,Genetic Algorithm,8,26,0,24,21
1253,Genetic Algorithm,8,26,1,28,24
1254,Genetic Algorithm,8,26,2,27,19
1255,Genetic Algorithm,8,26,3,24,24
1256,Genetic Algorithm,8,27,0,24,21
1257,Genetic Algorithm,8,27,1,28,24
1258,Genetic Algorithm,8,27,2,27,19
1259,Genetic Algorithm,8,27,3,24,24
1260,Genetic Algorithm,8,28,0,24,21
1261,Genetic Algorithm,8,28,1,28,24
1262,Genetic Algorithm,8,28,2,27,19
1263,Genetic Algorithm,8,28,3,24,24
1264,Genetic Algorithm,8,29,0,24,21
1265,Genetic Algorithm,8,29,1,28,24
1266,Genetic Algorithm,8,29,2,27,19
1267,Genetic Algorithm,8,29,3,24,24
1268,Genetic Algorithm,8,30,0,24,21
1269,Genetic Algorithm,8,30,1,28,24
1270,Genetic Algorithm,8,30,2,27,19
1271,Genetic Algorithm,8,30,3,24,24
1272,Genetic Algorithm,8,31,0,24,21
1273,Genetic Algorithm,8,31,1,28,24
1274,Genetic Algorithm,8,31,2,27,19
1275,Genetic Algorithm,8,31,3,24,24
1276,Genetic Algorithm,8,32,0,24,21
1277,Genetic Algorithm,8,32,1,28,24
1278,Genetic Algorithm,8,32,2,27,19
1279,Genetic Algorithm,8,32,3,24,24
1280,Genetic Algorithm,8,33,0,24,21
1281,Genetic Algorithm,8,33,1,28,24
1282,Genetic Algorithm,8,33,2,27,19
1283,Genetic Algorithm,8,33,3,24,24
1284,Genetic Algorithm,8,34,0,24,21
1285,Genetic Algorithm,8,34,1,28,24
1286,Genetic Algorithm,8,34,2,27,19
1287,Genetic Algorithm,8,34,3,24,24
1288,Genetic Algorithm,8,35,0,24,21
1289,Genetic Algorithm,8,35,1,28,24
1290,Genetic Algorithm,8,35,2,27,19
1291,Genetic Algorithm,8,35,3,24,24
1292,Genetic Algorithm,8,36,0,24,21
1293,Genetic Algorithm,8,36,1,28,24
1294,Genetic Algorithm,8,36,2,27,19
1295,Genetic Algorithm,8,36,3,24,24
1296,Genetic Algorithm,9,1,0,24,21
1297,Genetic Algorithm,9,1,1,28,24
1298,Genetic Algorithm,9,1,2,27,19
1299,Genetic Algorithm,9,1,3,24,24
1300,Genetic Algorithm,9,2,0,24,21
1301,Genetic Algorithm,9,2,1,28,24
1302,Genetic Algorithm,9,2,2,27,19
1303,Genetic Algorithm,9,2,3,24,24
1304,Genetic Algorithm,9,3,0,24,21
1305,Genetic Algorithm,9,3,1,28,24
1306,Genetic Algorithm,9,3,2,27,19
1307,Genetic Algorithm,9,3,3,24,24
1308,Genetic Algorithm,9,4,0,24,21
1309,Genetic Algorithm,9,4,1,28,24
1310,Genetic Algorithm,9,4,2,27,19
1311,Genetic Algorithm,9,4,3,24,24
1312,Genetic Algorithm,9,5,0,24,21
1313,Genetic Algorithm,9,5,1,28,24
1314,Genetic Algorithm,9,5,2,27,19
1315,Genetic Algorithm,9,5,3,24,24
1316,Genetic Algorithm,9,6,0,24,21
1317,Genetic Algorithm,9,6,1,28,24
1318,Genetic Algorithm,9,6,2,27,19
1319,Genetic Algorithm,9,6,3,24,24
1320,Genetic Algorithm,9,7,0,24,21
1321,Genetic Algorithm,9,7,1,28,24
1322,Genetic Algorithm,9,7,2,27,19
1323,Genetic Algorithm,9,7,3,24,24
1324,Genetic Algorithm,9,8,0,24,21
1325,Genetic Algorithm,9,8,1,28,24
1326,Genetic Algorithm,9,8,2,27,19
1327,Genetic Algorithm,9,8,3,24,24
1328,Genetic Algorithm,9,9,0,24,21
1329,Genetic Algorithm,9,9,1,28,24
1330,Genetic Algorithm,9,9,2,27,19
1331,Genetic Algorithm,9,9,3,24,24
1332,Genetic Algorithm,9,10,0,24,21
1333,Genetic Algorithm,9,10,1,28,24
1334,Genetic Algorithm,9,10,2,27,19
1335,Genetic Algorithm,9,10,3,24,24
1336,Genetic Algorithm,9,11,0,24,21
1337,Genetic Algorithm,9,11,1,28,24
1338,Genetic Algorithm,9,11,2,27,19
1339,Genetic Algorithm,9,11,3,24,24
1340,Genetic Algorithm,9,12,0,24,21
1341,Genetic Algorithm,9,12,1,28,24
1342,Genetic Algorithm,9,12,2,27,19
1343,Genetic Algorithm,9,12,3,24,24
1344,Genetic Algorithm,9,13,0,24,21
1345,Genetic Algorithm,9,13,1,28,24
1346,Genetic Algorithm,9,13,2,27,19
1347,Genetic Algorithm,9,13,3,24,24
1348,Genetic Algorithm,9,14,0,24,21
1349,Genetic Algorithm,9,14,1,28,24
1350,Genetic Algorithm,9,14,2,27,19
1351,Genetic Algorithm,9,14,3,24,24
1352,Genetic Algorithm,9,15,0,24,21
1353,Genetic Algorithm,9,15,1,28,24
1354,Genetic Algorithm,9,15,2,27,19
1355,Genetic Algorithm,9,15,3,24,24
1356,Genetic Algorithm,9,16,0,24,21
1357,Genetic Algorithm,9,16,1,28,24
1358,Genetic Algorithm,9,16,2,27,19
1359,Genetic Algorithm,9,16,3,24,24
1360,Genetic Algorithm,9,17,0,24,21
1361,Genetic Algorithm,9,17,1,28,24
1362,Genetic Algorithm,9,17,2,27,19
1363,Genetic Algorithm,9,17,3,24,24
1364,Genetic Algorithm,9,18,0,24,21
1365,Genetic Algorithm,9,18,1,28,24
1366,Genetic Algorithm,9,18,2,27,19
1367,Genetic Algorithm,9,18,3,24,24
1368,Genetic Algorithm,9,19,0,24,21
1369,Genetic Algorithm,9,19,1,28,24
1370,Genetic Algorithm,9,19,2,27,19
1371,Genetic Algorithm,9,19,3,24,24
1372,Genetic Algorithm,9,20,0,24,21
1373,Genetic Algorithm,9,20,1,28,24
1374,Genetic Algorithm,9,20,2,27,19
1375,Genetic Algorithm,9,20,3,24,24
1376,Genetic Algorithm,9,21,0,24,21
1377,Genetic Algorithm,9,21,1,28,24
1378,Genetic Algorithm,9,21,2,27,19
1379,Genetic Algorithm,9,21,3,24,24
1380,Genetic Algorithm,9,22,0,24,21
1381,Genetic Algorithm,9,22,1,28,24
1382,Genetic Algorithm,9,22,2,27,19
1383,Genetic Algorithm,9,22,3,24,24
1384,Genetic Algorithm,9,23,0,24,21
1385,Genetic Algorithm,9,23,1,28,24
1386,Genetic Algorithm,9,23,2,27,19
1387,Genetic Algorithm,9,23,3,24,24
1388,Genetic Algorithm,9,24,0,24,21
1389,Genetic Algorithm,9,24,1,28,24
1390,Genetic Algorithm,9,24,2,27,19
1391,Genetic Algorithm,9,24,3,24,24
1392,Genetic Algorithm,9,25,0,24,21
1393,Genetic Algorithm,9,25,1,28,24
1394,Genetic Algorithm,9,25,2,27,19
1395,Genetic Algorithm,9,25,3,24,24
1396,Genetic Algorithm,9,26,0,24,21
1397,Genetic Algorithm,9,26,1,28,24
1398,Genetic Algorithm,9,26,2,27,19
1399,Genetic Algorithm,9,26,3,24,24
1400,Genetic Algorithm,9,27,0,24,21
1401,Genetic Algorithm,9,27,1,28,24
1402,Genetic Algorithm,9,27,2,27,19
1403,Genetic Algorithm,9,27,3,24,24
1404,Genetic Algorithm,9,28,0,24,21
1405,Genetic Algorithm,9,28,1,28,24
1406,Genetic Algorithm,9,28,2,27,19
1407,Genetic Algorithm,9,28,3,24,24
1408,Genetic Algorithm,9,29,0,24,21
1409,Genetic Algorithm,9,29,1,28,24
1410,Genetic Algorithm,9,29,2,27,19
1411,Genetic Algorithm,9,29,3,24,24
1412,Genetic Algorithm,9,30,0,24,21
1413,Genetic Algorithm,9,30,1,28,24
1414,Genetic Algorithm,9,30,2,27,19
1415,Genetic Algorithm,9,30,3,24,24
1416,Genetic Algorithm,9,31,0,24,21
1417,Genetic Algorithm,9,31,1,28,24
1418,Genetic Algorithm,9,31,2,27,19
1419,Genetic Algorithm,9,31,3,24,24
1420,Genetic Algorithm,9,32,0,24,21
1421,Genetic Algorithm,9,32,1,28,24
1422,Genetic Algorithm,9,32,2,27,19
1423,Genetic Algorithm,9,32,3,24,24
1424,Genetic Algorithm,9,33,0,24,21
1425,Genetic Algorithm,9,33,1,28,24
1426,Genetic Algorithm,9,33,2,27,19
1427,Genetic Algorithm,9,33,3,24,24
1428,Genetic Algorithm,9,34,0,24,21
1429,Genetic Algorithm,9,34,1,28,24
1430,Genetic Algorithm,9,34,2,27,19
1431,Genetic Algorithm,9,34,3,24,24
1432,Genetic Algorithm,9,35,0,24,21
1433,Genetic Algorithm,9,35,1,28,24
1434,Genetic Algorithm,9,35,2,27,19
1435,Genetic Algorithm,9,35,3,24,24
1436,Genetic Algorithm,9,36,0,24,21
1437,Genetic Algorithm,9,36,1,28,24
1438,Genetic Algorithm,9,36,2,27,19
1439,Genetic Algorithm,9,36,3,24,24
